task_id,split,resource,task_type,operation_class,endpoint_id,method,path,operationId,required_params,request_schemas,response_schemas,tags,allowed_alternatives
medusa_low_001,train,carts,single_step,create,medusa_store:PostCarts,POST,/store/carts,PostCarts,x-publishable-api-key,StoreCreateCart,StoreCartResponse,Carts,
medusa_low_002,train,carts,single_step,custom,medusa_store:PostCartsId,POST,/store/carts/{id},PostCartsId,id;x-publishable-api-key,UpdateCartData,StoreCart,Carts,medusa_store:PostCartsIdTaxes;medusa_store:PostCartsIdPromotions;medusa_store:PostCartsIdLineItemsLine_id
medusa_low_003,test,carts,single_step,custom,medusa_store:PostCartsIdGiftCards,POST,/store/carts/{id}/gift-cards,PostCartsIdGiftCards,id;x-publishable-api-key,StoreAddGiftCardToCart,StoreCartResponse,Carts,medusa_store:PostCartsId;medusa_store:PostCartsIdTaxes;medusa_store:PostCartsIdStoreCredits
medusa_low_004,train,carts,single_step,custom,medusa_store:PostCartsIdLineItems,POST,/store/carts/{id}/line-items,PostCartsIdLineItems,id;x-publishable-api-key,,StoreCartResponse,Carts,medusa_store:PostCartsIdLineItemsLine_id;medusa_store:PostCartsId;medusa_store:PostCartsIdStoreCredits
medusa_low_005,dev,carts,single_step,custom,medusa_store:PostCartsIdLineItemsLine_id,POST,/store/carts/{id}/line-items/{line_id},PostCartsIdLineItemsLine_id,id;line_id;x-publishable-api-key,,StoreCartResponse,Carts,medusa_store:PostCartsIdLineItems;medusa_store:PostCartsId;medusa_store:PostCartsIdStoreCredits
medusa_low_006,test,carts,single_step,custom,medusa_store:PostCartsIdPromotions,POST,/store/carts/{id}/promotions,PostCartsIdPromotions,id;x-publishable-api-key,StoreCartAddPromotion,StoreCartResponse,Carts,medusa_store:PostCartsId;medusa_store:PostCartsIdTaxes;medusa_store:PostCartsIdStoreCredits
medusa_low_007,train,carts,single_step,custom,medusa_store:PostCartsIdShippingMethods,POST,/store/carts/{id}/shipping-methods,PostCartsIdShippingMethods,id;x-publishable-api-key,,StoreCartResponse,Carts,medusa_store:PostCartsId;medusa_store:PostCartsIdLineItemsLine_id;medusa_store:PostCartsIdLineItems
medusa_low_008,train,carts,single_step,custom,medusa_store:PostCartsIdStoreCredits,POST,/store/carts/{id}/store-credits,PostCartsIdStoreCredits,id;x-publishable-api-key,StoreAddStoreCreditsToCart,StoreCartResponse,Carts,medusa_store:PostCartsId;medusa_store:PostCartsIdGiftCards;medusa_store:PostCartsIdLineItemsLine_id
medusa_low_009,train,carts,single_step,custom,medusa_store:PostCartsIdTaxes,POST,/store/carts/{id}/taxes,PostCartsIdTaxes,id;x-publishable-api-key,,StoreCartResponse,Carts,medusa_store:PostCartsId;medusa_store:PostCartsIdLineItemsLine_id;medusa_store:PostCartsIdLineItems
medusa_low_010,train,carts,single_step,delete,medusa_store:DeleteCartsIdGiftCards,DELETE,/store/carts/{id}/gift-cards,DeleteCartsIdGiftCards,id;x-publishable-api-key,StoreRemoveGiftCardFromCart,StoreCartResponse,Carts,medusa_store:DeleteCartsIdLineItemsLine_id;medusa_store:DeleteCartsIdPromotions
medusa_low_011,train,carts,single_step,delete,medusa_store:DeleteCartsIdLineItemsLine_id,DELETE,/store/carts/{id}/line-items/{line_id},DeleteCartsIdLineItemsLine_id,id;line_id;x-publishable-api-key,,StoreCart,Carts,medusa_store:DeleteCartsIdPromotions;medusa_store:DeleteCartsIdGiftCards
medusa_low_012,dev,carts,single_step,delete,medusa_store:DeleteCartsIdPromotions,DELETE,/store/carts/{id}/promotions,DeleteCartsIdPromotions,id;x-publishable-api-key,StoreCartRemovePromotion,StoreCart,Carts,medusa_store:DeleteCartsIdLineItemsLine_id;medusa_store:DeleteCartsIdGiftCards
medusa_low_013,dev,carts,single_step,get,medusa_store:GetCartsId,GET,/store/carts/{id},GetCartsId,id;x-publishable-api-key,,StoreCartResponse,Carts,
medusa_low_014,test,customers,single_step,create,medusa_admin:PostCustomerGroups,POST,/admin/customer-groups,PostCustomerGroups,,AdminCreateCustomerGroup,AdminCustomerGroupResponse,Customer Groups,medusa_admin:PostCustomers
medusa_low_015,train,customers,single_step,create,medusa_admin:PostCustomers,POST,/admin/customers,PostCustomers,,,AdminCustomerResponse,Customers,medusa_admin:PostCustomerGroups
medusa_low_016,train,customers,single_step,create,medusa_store:PostCustomers,POST,/store/customers,PostCustomers,x-publishable-api-key,StoreCreateCustomer,StoreCustomerResponse,Customers,medusa_store:PostCustomersMe;medusa_store:PostCustomersMeAddresses
medusa_low_017,train,customers,single_step,create,medusa_store:PostCustomersMe,POST,/store/customers/me,PostCustomersMe,x-publishable-api-key,StoreUpdateCustomer,StoreCustomerResponse,Customers,medusa_store:PostCustomers;medusa_store:PostCustomersMeAddresses
medusa_low_018,train,customers,single_step,create,medusa_store:PostCustomersMeAddresses,POST,/store/customers/me/addresses,PostCustomersMeAddresses,x-publishable-api-key,StoreCreateCustomerAddress,StoreCustomerResponse,Customers,medusa_store:PostCustomersMe;medusa_store:PostCustomers
medusa_low_019,dev,customers,single_step,custom,medusa_admin:PostCustomerGroupsId,POST,/admin/customer-groups/{id},PostCustomerGroupsId,id,AdminUpdateCustomerGroup,AdminCustomerGroupResponse,Customer Groups,medusa_admin:PostCustomersIdCustomerGroups;medusa_admin:PostCustomerGroupsIdCustomers;medusa_admin:PostCustomersId
medusa_low_020,train,customers,single_step,custom,medusa_admin:PostCustomerGroupsIdCustomers,POST,/admin/customer-groups/{id}/customers,PostCustomerGroupsIdCustomers,id,AdminBatchLink,AdminCustomerGroupResponse,Customer Groups,medusa_admin:PostCustomersIdCustomerGroups;medusa_admin:PostCustomerGroupsId;medusa_admin:PostCustomersId
medusa_low_021,train,customers,single_step,custom,medusa_admin:PostCustomersId,POST,/admin/customers/{id},PostCustomersId,id,,AdminCustomerResponse,Customers,medusa_admin:PostCustomersIdAddressesAddress_id;medusa_admin:PostCustomersIdAddresses;medusa_admin:PostCustomersIdCustomerGroups
medusa_low_022,dev,customers,single_step,custom,medusa_admin:PostCustomersIdAddresses,POST,/admin/customers/{id}/addresses,PostCustomersIdAddresses,id,,AdminCustomerResponse,Customers,medusa_admin:PostCustomersIdAddressesAddress_id;medusa_admin:PostCustomersId;medusa_store:PostCustomersMeAddressesAddress_id
medusa_low_023,train,customers,single_step,custom,medusa_admin:PostCustomersIdAddressesAddress_id,POST,/admin/customers/{id}/addresses/{address_id},PostCustomersIdAddressesAddress_id,id;address_id,,AdminCustomerResponse,Customers,medusa_admin:PostCustomersIdAddresses;medusa_admin:PostCustomersId;medusa_store:PostCustomersMeAddressesAddress_id
medusa_low_024,dev,customers,single_step,custom,medusa_admin:PostCustomersIdCustomerGroups,POST,/admin/customers/{id}/customer-groups,PostCustomersIdCustomerGroups,id,AdminBatchLink,AdminCustomerResponse,Customers,medusa_admin:PostCustomerGroupsIdCustomers;medusa_admin:PostCustomerGroupsId;medusa_admin:PostCustomersId
medusa_low_025,train,customers,single_step,custom,medusa_store:PostActor_typeAuth_provider,POST,/auth/customer/{auth_provider},PostActor_typeAuth_provider,auth_provider,,AuthResponse;AuthCallbackResponse,Auth,medusa_store:PostActor_typeAuth_providerUpdate;medusa_store:PostActor_typeAuth_provider_register;medusa_store:PostActor_typeAuth_providerCallback
medusa_low_026,dev,customers,single_step,custom,medusa_store:PostActor_typeAuth_providerCallback,POST,/auth/customer/{auth_provider}/callback,PostActor_typeAuth_providerCallback,auth_provider,,AuthResponse,Auth,medusa_store:PostActor_typeAuth_provider;medusa_store:PostActor_typeAuth_providerUpdate;medusa_store:PostActor_typeAuth_provider_register
medusa_low_027,test,customers,single_step,custom,medusa_store:PostActor_typeAuth_providerResetPassword,POST,/auth/customer/{auth_provider}/reset-password,PostActor_typeAuth_providerResetPassword,auth_provider,,,Auth,medusa_store:PostActor_typeAuth_provider;medusa_store:PostActor_typeAuth_provider_register;medusa_store:PostActor_typeAuth_providerUpdate
medusa_low_028,train,customers,single_step,custom,medusa_store:PostActor_typeAuth_providerUpdate,POST,/auth/customer/{auth_provider}/update,PostActor_typeAuth_providerUpdate,auth_provider,,,Auth,medusa_store:PostActor_typeAuth_provider;medusa_store:PostActor_typeAuth_provider_register;medusa_store:PostActor_typeAuth_providerCallback
medusa_low_029,test,customers,single_step,custom,medusa_store:PostActor_typeAuth_provider_register,POST,/auth/customer/{auth_provider}/register,PostActor_typeAuth_provider_register,auth_provider,,AuthResponse,Auth,medusa_store:PostActor_typeAuth_provider;medusa_store:PostActor_typeAuth_providerUpdate;medusa_store:PostActor_typeAuth_providerResetPassword
medusa_low_030,train,customers,single_step,custom,medusa_store:PostCartsIdCustomer,POST,/store/carts/{id}/customer,PostCartsIdCustomer,id;x-publishable-api-key,,StoreCartResponse,Carts,
medusa_low_031,test,customers,single_step,custom,medusa_store:PostCustomersMeAddressesAddress_id,POST,/store/customers/me/addresses/{address_id},PostCustomersMeAddressesAddress_id,address_id;x-publishable-api-key,StoreUpdateCustomerAddress,StoreCustomerResponse,Customers,medusa_admin:PostCustomersIdAddressesAddress_id;medusa_admin:PostCustomersIdAddresses
medusa_low_032,train,customers,single_step,delete,medusa_admin:DeleteCustomerGroupsId,DELETE,/admin/customer-groups/{id},DeleteCustomerGroupsId,id,,,Customer Groups,medusa_admin:DeleteCustomersId
medusa_low_033,train,customers,single_step,delete,medusa_admin:DeleteCustomersId,DELETE,/admin/customers/{id},DeleteCustomersId,id,,,Customers,medusa_admin:DeleteCustomersIdAddressesAddress_id;medusa_admin:DeleteCustomerGroupsId
medusa_low_034,dev,customers,single_step,delete,medusa_admin:DeleteCustomersIdAddressesAddress_id,DELETE,/admin/customers/{id}/addresses/{address_id},DeleteCustomersIdAddressesAddress_id,id;address_id,,AdminCustomer,Customers,medusa_admin:DeleteCustomersId;medusa_store:DeleteCustomersMeAddressesAddress_id
medusa_low_035,test,customers,single_step,delete,medusa_store:DeleteCustomersMeAddressesAddress_id,DELETE,/store/customers/me/addresses/{address_id},DeleteCustomersMeAddressesAddress_id,address_id;x-publishable-api-key,,StoreCustomer,Customers,medusa_admin:DeleteCustomersIdAddressesAddress_id
medusa_low_036,train,customers,single_step,get,medusa_admin:GetCustomerGroupsId,GET,/admin/customer-groups/{id},GetCustomerGroupsId,id,,AdminCustomerGroupResponse,Customer Groups,medusa_admin:GetCustomersId
medusa_low_037,train,customers,single_step,get,medusa_admin:GetCustomersId,GET,/admin/customers/{id},GetCustomersId,id,,AdminCustomerResponse,Customers,medusa_admin:GetCustomersIdAddressesAddress_id;medusa_admin:GetCustomersIdAddresses;medusa_admin:GetCustomerGroupsId
medusa_low_038,test,customers,single_step,get,medusa_admin:GetCustomersIdAddresses,GET,/admin/customers/{id}/addresses,GetCustomersIdAddresses,id,,AdminCustomerAddress,Customers,medusa_admin:GetCustomersIdAddressesAddress_id;medusa_admin:GetCustomersId;medusa_store:GetCustomersMeAddressesAddress_id
medusa_low_039,train,customers,single_step,get,medusa_admin:GetCustomersIdAddressesAddress_id,GET,/admin/customers/{id}/addresses/{address_id},GetCustomersIdAddressesAddress_id,id;address_id,,AdminCustomerAddressResponse,Customers,medusa_admin:GetCustomersIdAddresses;medusa_admin:GetCustomersId;medusa_store:GetCustomersMeAddressesAddress_id
medusa_low_040,dev,customers,single_step,get,medusa_store:GetCustomersMeAddressesAddress_id,GET,/store/customers/me/addresses/{address_id},GetCustomersMeAddressesAddress_id,address_id;x-publishable-api-key,,StoreCustomerAddressResponse,Customers,medusa_admin:GetCustomersIdAddressesAddress_id;medusa_admin:GetCustomersIdAddresses
medusa_low_041,train,customers,single_step,list,medusa_admin:GetCustomerGroups,GET,/admin/customer-groups,GetCustomerGroups,,,AdminCustomerGroup,Customer Groups,medusa_admin:GetCustomers
medusa_low_042,train,customers,single_step,list,medusa_admin:GetCustomers,GET,/admin/customers,GetCustomers,,,AdminCustomer,Customers,medusa_admin:GetCustomerGroups
medusa_low_043,train,customers,single_step,list,medusa_store:GetCustomersMe,GET,/store/customers/me,GetCustomersMe,x-publishable-api-key,,StoreCustomerResponse,Customers,medusa_store:GetCustomersMeAddresses
medusa_low_044,train,customers,single_step,list,medusa_store:GetCustomersMeAddresses,GET,/store/customers/me/addresses,GetCustomersMeAddresses,x-publishable-api-key,,StoreCustomerAddressListResponse,Customers,medusa_store:GetCustomersMe
medusa_low_045,train,fulfillment,single_step,create,medusa_admin:PostFulfillments,POST,/admin/fulfillments,PostFulfillments,,AdminCreateFulfillment,AdminFulfillmentResponse,Fulfillments,
medusa_low_046,train,fulfillment,single_step,custom,medusa_admin:PostFulfillmentSetsIdServiceZones,POST,/admin/fulfillment-sets/{id}/service-zones,PostFulfillmentSetsIdServiceZones,id,AdminCreateFulfillmentSetServiceZone,AdminFulfillmentSetResponse,Fulfillment Sets,medusa_admin:PostFulfillmentSetsIdServiceZonesZone_id
medusa_low_047,train,fulfillment,single_step,custom,medusa_admin:PostFulfillmentSetsIdServiceZonesZone_id,POST,/admin/fulfillment-sets/{id}/service-zones/{zone_id},PostFulfillmentSetsIdServiceZonesZone_id,id;zone_id,AdminUpdateFulfillmentSetServiceZone,AdminFulfillmentSetResponse,Fulfillment Sets,medusa_admin:PostFulfillmentSetsIdServiceZones
medusa_low_048,train,fulfillment,single_step,custom,medusa_admin:PostFulfillmentsIdCancel,POST,/admin/fulfillments/{id}/cancel,PostFulfillmentsIdCancel,id,,AdminFulfillmentResponse,Fulfillments,medusa_admin:PostFulfillmentsIdShipment
medusa_low_049,test,fulfillment,single_step,custom,medusa_admin:PostFulfillmentsIdShipment,POST,/admin/fulfillments/{id}/shipment,PostFulfillmentsIdShipment,id,AdminCreateFulfillmentShipment,AdminFulfillmentResponse,Fulfillments,medusa_admin:PostFulfillmentsIdCancel
medusa_low_050,dev,fulfillment,single_step,custom,medusa_admin:PostStockLocationsIdFulfillmentProviders,POST,/admin/stock-locations/{id}/fulfillment-providers,PostStockLocationsIdFulfillmentProviders,id,AdminBatchLink,AdminStockLocationResponse,Stock Locations,medusa_admin:PostStockLocationsIdFulfillmentSets
medusa_low_051,test,fulfillment,single_step,custom,medusa_admin:PostStockLocationsIdFulfillmentSets,POST,/admin/stock-locations/{id}/fulfillment-sets,PostStockLocationsIdFulfillmentSets,id,AdminCreateStockLocationFulfillmentSet,AdminStockLocationResponse,Stock Locations,medusa_admin:PostStockLocationsIdFulfillmentProviders
medusa_low_052,train,fulfillment,single_step,delete,medusa_admin:DeleteFulfillmentSetsId,DELETE,/admin/fulfillment-sets/{id},DeleteFulfillmentSetsId,id,,AdminFulfillmentSetDeleteResponse,Fulfillment Sets,medusa_admin:DeleteFulfillmentSetsIdServiceZonesZone_id
medusa_low_053,train,fulfillment,single_step,delete,medusa_admin:DeleteFulfillmentSetsIdServiceZonesZone_id,DELETE,/admin/fulfillment-sets/{id}/service-zones/{zone_id},DeleteFulfillmentSetsIdServiceZonesZone_id,id;zone_id,,AdminServiceZoneDeleteResponse,Fulfillment Sets,medusa_admin:DeleteFulfillmentSetsId
medusa_low_054,dev,fulfillment,single_step,get,medusa_admin:GetFulfillmentProvidersIdOptions,GET,/admin/fulfillment-providers/{id}/options,GetFulfillmentProvidersIdOptions,id,,AdminFulfillmentProviderOptionsListResponse,Fulfillment Providers,
medusa_low_055,test,fulfillment,single_step,get,medusa_admin:GetFulfillmentSetsIdServiceZonesZone_id,GET,/admin/fulfillment-sets/{id}/service-zones/{zone_id},GetFulfillmentSetsIdServiceZonesZone_id,id;zone_id,,AdminServiceZoneResponse,Fulfillment Sets,
medusa_low_056,train,fulfillment,single_step,list,medusa_admin:GetFulfillmentProviders,GET,/admin/fulfillment-providers,GetFulfillmentProviders,,,AdminFulfillmentProviderListResponse,Fulfillment Providers,
medusa_low_057,test,inventory,single_step,create,medusa_admin:PostInventoryItems,POST,/admin/inventory-items,PostInventoryItems,,AdminCreateInventoryItem,AdminInventoryItemResponse,Inventory Items,medusa_admin:PostInventoryItemsLocationLevelsBatch
medusa_low_058,train,inventory,single_step,create,medusa_admin:PostInventoryItemsLocationLevelsBatch,POST,/admin/inventory-items/location-levels/batch,PostInventoryItemsLocationLevelsBatch,,AdminBatchInventoryItemsLocationLevels,AdminBatchInventoryItemsLocationLevelsResponse,Inventory Items,medusa_admin:PostInventoryItems
medusa_low_059,train,inventory,single_step,custom,medusa_admin:PostInventoryItemsId,POST,/admin/inventory-items/{id},PostInventoryItemsId,id,AdminUpdateInventoryItem,AdminInventoryItemResponse,Inventory Items,medusa_admin:PostInventoryItemsIdLocationLevelsLocation_id;medusa_admin:PostInventoryItemsIdLocationLevels;medusa_admin:PostInventoryItemsIdLocationLevelsBatch
medusa_low_060,dev,inventory,single_step,custom,medusa_admin:PostInventoryItemsIdLocationLevels,POST,/admin/inventory-items/{id}/location-levels,PostInventoryItemsIdLocationLevels,id,AdminBatchCreateInventoryItemLocationLevels,AdminInventoryItemResponse,Inventory Items,medusa_admin:PostInventoryItemsIdLocationLevelsLocation_id;medusa_admin:PostInventoryItemsIdLocationLevelsBatch;medusa_admin:PostInventoryItemsId
medusa_low_061,train,inventory,single_step,custom,medusa_admin:PostInventoryItemsIdLocationLevelsBatch,POST,/admin/inventory-items/{id}/location-levels/batch,PostInventoryItemsIdLocationLevelsBatch,id,AdminBatchInventoryItemLocationLevels,,Inventory Items,medusa_admin:PostInventoryItemsIdLocationLevelsLocation_id;medusa_admin:PostInventoryItemsIdLocationLevels;medusa_admin:PostInventoryItemsId
medusa_low_062,train,inventory,single_step,custom,medusa_admin:PostInventoryItemsIdLocationLevelsLocation_id,POST,/admin/inventory-items/{id}/location-levels/{location_id},PostInventoryItemsIdLocationLevelsLocation_id,id;location_id,AdminUpdateInventoryLevel,AdminInventoryItemResponse,Inventory Items,medusa_admin:PostInventoryItemsIdLocationLevels;medusa_admin:PostInventoryItemsIdLocationLevelsBatch;medusa_admin:PostInventoryItemsId
medusa_low_063,train,inventory,single_step,delete,medusa_admin:DeleteInventoryItemsId,DELETE,/admin/inventory-items/{id},DeleteInventoryItemsId,id,,,Inventory Items,medusa_admin:DeleteInventoryItemsIdLocationLevelsLocation_id
medusa_low_064,test,inventory,single_step,delete,medusa_admin:DeleteInventoryItemsIdLocationLevelsLocation_id,DELETE,/admin/inventory-items/{id}/location-levels/{location_id},DeleteInventoryItemsIdLocationLevelsLocation_id,id;location_id,,AdminInventoryItem,Inventory Items,medusa_admin:DeleteInventoryItemsId
medusa_low_065,dev,inventory,single_step,get,medusa_admin:GetInventoryItemsId,GET,/admin/inventory-items/{id},GetInventoryItemsId,id,,AdminInventoryItemResponse,Inventory Items,medusa_admin:GetInventoryItemsIdLocationLevels
medusa_low_066,train,inventory,single_step,get,medusa_admin:GetInventoryItemsIdLocationLevels,GET,/admin/inventory-items/{id}/location-levels,GetInventoryItemsIdLocationLevels,id,,InventoryLevel,Inventory Items,medusa_admin:GetInventoryItemsId
medusa_low_067,train,inventory,single_step,list,medusa_admin:GetInventoryItems,GET,/admin/inventory-items,GetInventoryItems,,,AdminInventoryItem,Inventory Items,
medusa_low_068,dev,orders,single_step,create,medusa_admin:PostDraftOrders,POST,/admin/draft-orders,PostDraftOrders,,,AdminDraftOrderResponse,Draft Orders,
medusa_low_069,train,orders,single_step,create,medusa_admin:PostOrderEdits,POST,/admin/order-edits,PostOrderEdits,,AdminPostOrderEditsReqSchema,AdminOrderEditResponse,Order Edits,
medusa_low_070,train,orders,single_step,create,medusa_admin:PostOrdersExport,POST,/admin/orders/export,PostOrdersExport,,,AdminExportOrderResponse,Orders,
medusa_low_071,train,orders,single_step,custom,medusa_admin:PostDraftOrdersId,POST,/admin/draft-orders/{id},PostDraftOrdersId,id,AdminUpdateDraftOrder,AdminDraftOrderResponse,Draft Orders,medusa_admin:PostDraftOrdersIdEdit;medusa_admin:PostDraftOrdersIdConvertToOrder;medusa_admin:PostDraftOrdersIdEditItemsAction_id
medusa_low_072,train,orders,single_step,custom,medusa_admin:PostDraftOrdersIdConvertToOrder,POST,/admin/draft-orders/{id}/convert-to-order,PostDraftOrdersIdConvertToOrder,id,AdminDraftOrderParams,AdminOrderResponse,Draft Orders,medusa_admin:PostDraftOrdersId;medusa_admin:PostDraftOrdersIdEdit;medusa_admin:PostDraftOrdersIdEditItemsAction_id
medusa_low_073,test,orders,single_step,custom,medusa_admin:PostDraftOrdersIdEdit,POST,/admin/draft-orders/{id}/edit,PostDraftOrdersIdEdit,id,,,Draft Orders,medusa_admin:PostDraftOrdersIdEditItemsAction_id;medusa_admin:PostDraftOrdersIdEditItems;medusa_admin:PostDraftOrdersIdEditRequest
medusa_low_074,dev,orders,single_step,custom,medusa_admin:PostDraftOrdersIdEditConfirm,POST,/admin/draft-orders/{id}/edit/confirm,PostDraftOrdersIdEditConfirm,id,,,Draft Orders,medusa_admin:PostDraftOrdersIdEdit;medusa_admin:PostDraftOrdersIdEditItemsAction_id;medusa_admin:PostDraftOrdersIdEditItems
medusa_low_075,train,orders,single_step,custom,medusa_admin:PostDraftOrdersIdEditItems,POST,/admin/draft-orders/{id}/edit/items,PostDraftOrdersIdEditItems,id,AdminAddDraftOrderItems,,Draft Orders,medusa_admin:PostDraftOrdersIdEditItemsAction_id;medusa_admin:PostDraftOrdersIdEditItemsItemItem_id;medusa_admin:PostDraftOrdersIdEdit
medusa_low_076,test,orders,single_step,custom,medusa_admin:PostDraftOrdersIdEditItemsAction_id,POST,/admin/draft-orders/{id}/edit/items/{action_id},PostDraftOrdersIdEditItemsAction_id,id;action_id,AdminUpdateDraftOrderActionItem,,Draft Orders,medusa_admin:PostDraftOrdersIdEditItems;medusa_admin:PostDraftOrdersIdEditItemsItemItem_id;medusa_admin:PostDraftOrdersIdEdit
medusa_low_077,train,orders,single_step,custom,medusa_admin:PostDraftOrdersIdEditItemsItemItem_id,POST,/admin/draft-orders/{id}/edit/items/item/{item_id},PostDraftOrdersIdEditItemsItemItem_id,id;item_id,AdminUpdateDraftOrderItem,,Draft Orders,medusa_admin:PostDraftOrdersIdEditItemsAction_id;medusa_admin:PostDraftOrdersIdEditItems;medusa_admin:PostDraftOrdersIdEdit
medusa_low_078,train,orders,single_step,custom,medusa_admin:PostDraftOrdersIdEditPromotions,POST,/admin/draft-orders/{id}/edit/promotions,PostDraftOrdersIdEditPromotions,id,AdminAddDraftOrderPromotions,AdminDraftOrderPreviewResponse,Draft Orders,medusa_admin:PostDraftOrdersIdEdit;medusa_admin:PostDraftOrdersIdEditItemsAction_id;medusa_admin:PostDraftOrdersIdEditItems
medusa_low_079,train,orders,single_step,custom,medusa_admin:PostDraftOrdersIdEditRequest,POST,/admin/draft-orders/{id}/edit/request,PostDraftOrdersIdEditRequest,id,,,Draft Orders,medusa_admin:PostDraftOrdersIdEdit;medusa_admin:PostDraftOrdersIdEditItemsAction_id;medusa_admin:PostDraftOrdersIdEditItems
medusa_low_080,test,orders,single_step,custom,medusa_admin:PostDraftOrdersIdEditShippingMethods,POST,/admin/draft-orders/{id}/edit/shipping-methods,PostDraftOrdersIdEditShippingMethods,id,AdminAddDraftOrderShippingMethod,,Draft Orders,medusa_admin:PostDraftOrdersIdEditShippingMethodsAction_id;medusa_admin:PostDraftOrdersIdEditShippingMethodsMethodMethod_id;medusa_admin:PostDraftOrdersIdEdit
medusa_low_081,dev,orders,single_step,custom,medusa_admin:PostDraftOrdersIdEditShippingMethodsAction_id,POST,/admin/draft-orders/{id}/edit/shipping-methods/{action_id},PostDraftOrdersIdEditShippingMethodsAction_id,id;action_id,AdminUpdateDraftOrderActionShippingMethod,,Draft Orders,medusa_admin:PostDraftOrdersIdEditShippingMethods;medusa_admin:PostDraftOrdersIdEditShippingMethodsMethodMethod_id;medusa_admin:PostDraftOrdersIdEdit
medusa_low_082,train,orders,single_step,custom,medusa_admin:PostDraftOrdersIdEditShippingMethodsMethodMethod_id,POST,/admin/draft-orders/{id}/edit/shipping-methods/method/{method_id},PostDraftOrdersIdEditShippingMethodsMethodMethod_id,id;method_id,AdminUpdateDraftOrderShippingMethod,,Draft Orders,medusa_admin:PostDraftOrdersIdEditShippingMethodsAction_id;medusa_admin:PostDraftOrdersIdEditShippingMethods;medusa_admin:PostDraftOrdersIdEdit
medusa_low_083,train,orders,single_step,custom,medusa_admin:PostOrderChangesId,POST,/admin/order-changes/{id},PostOrderChangesId,id,AdminUpdateOrderChange,AdminOrderChangeResponse,Order Changes,medusa_admin:PostOrdersId
medusa_low_084,test,orders,single_step,custom,medusa_admin:PostOrderEditsIdConfirm,POST,/admin/order-edits/{id}/confirm,PostOrderEditsIdConfirm,id,,AdminOrderEditPreviewResponse,Order Edits,medusa_admin:PostOrderEditsIdItemsAction_id;medusa_admin:PostOrderEditsIdItems;medusa_admin:PostOrderEditsIdRequest
medusa_low_085,dev,orders,single_step,custom,medusa_admin:PostOrderEditsIdItems,POST,/admin/order-edits/{id}/items,PostOrderEditsIdItems,id,AdminPostOrderEditsAddItemsReqSchema,AdminOrderEditPreviewResponse,Order Edits,medusa_admin:PostOrderEditsIdItemsAction_id;medusa_admin:PostOrderEditsIdItemsItemItem_id;medusa_admin:PostOrderEditsIdConfirm
medusa_low_086,train,orders,single_step,custom,medusa_admin:PostOrderEditsIdItemsAction_id,POST,/admin/order-edits/{id}/items/{action_id},PostOrderEditsIdItemsAction_id,id;action_id,AdminPostOrderEditsItemsActionReqSchema,AdminOrderEditPreviewResponse,Order Edits,medusa_admin:PostOrderEditsIdItems;medusa_admin:PostOrderEditsIdItemsItemItem_id;medusa_admin:PostOrderEditsIdConfirm
medusa_low_087,train,orders,single_step,custom,medusa_admin:PostOrderEditsIdItemsItemItem_id,POST,/admin/order-edits/{id}/items/item/{item_id},PostOrderEditsIdItemsItemItem_id,id;item_id,AdminPostOrderEditsUpdateItemQuantityReqSchema,AdminOrderEditPreviewResponse,Order Edits,medusa_admin:PostOrderEditsIdItemsAction_id;medusa_admin:PostOrderEditsIdItems;medusa_admin:PostDraftOrdersIdEditItemsItemItem_id
medusa_low_088,test,orders,single_step,custom,medusa_admin:PostOrderEditsIdRequest,POST,/admin/order-edits/{id}/request,PostOrderEditsIdRequest,id,,AdminOrderEditPreviewResponse,Order Edits,medusa_admin:PostOrderEditsIdItemsAction_id;medusa_admin:PostOrderEditsIdItems;medusa_admin:PostOrderEditsIdConfirm
medusa_low_089,train,orders,single_step,custom,medusa_admin:PostOrderEditsIdShippingMethod,POST,/admin/order-edits/{id}/shipping-method,PostOrderEditsIdShippingMethod,id,AdminPostOrderEditsShippingReqSchema,AdminOrderEditPreviewResponse,Order Edits,medusa_admin:PostOrderEditsIdShippingMethodAction_id;medusa_admin:PostOrderEditsIdRequest;medusa_admin:PostOrderEditsIdConfirm
medusa_low_090,dev,orders,single_step,custom,medusa_admin:PostOrderEditsIdShippingMethodAction_id,POST,/admin/order-edits/{id}/shipping-method/{action_id},PostOrderEditsIdShippingMethodAction_id,id;action_id,AdminPostOrderEditsShippingActionReqSchema,AdminOrderEditPreviewResponse,Order Edits,medusa_admin:PostOrderEditsIdShippingMethod;medusa_admin:PostOrderEditsIdRequest;medusa_admin:PostOrderEditsIdConfirm
medusa_low_091,train,orders,single_step,custom,medusa_admin:PostOrdersId,POST,/admin/orders/{id},PostOrdersId,id,AdminUpdateOrder,AdminOrderResponse,Orders,medusa_admin:PostOrdersIdCancel;medusa_admin:PostOrdersIdArchive;medusa_admin:PostOrdersIdTransfer
medusa_low_092,train,orders,single_step,custom,medusa_admin:PostOrdersIdArchive,POST,/admin/orders/{id}/archive,PostOrdersIdArchive,id,,AdminOrderResponse,Orders,medusa_admin:PostOrdersId;medusa_admin:PostOrdersIdCancel;medusa_admin:PostOrdersIdTransfer
medusa_low_093,train,orders,single_step,custom,medusa_admin:PostOrdersIdCancel,POST,/admin/orders/{id}/cancel,PostOrdersIdCancel,id,,AdminOrderResponse,Orders,medusa_admin:PostOrdersIdTransferCancel;medusa_admin:PostOrdersIdFulfillmentsFulfillment_idCancel;medusa_admin:PostOrdersId
medusa_low_094,train,orders,single_step,custom,medusa_admin:PostOrdersIdComplete,POST,/admin/orders/{id}/complete,PostOrdersIdComplete,id,,AdminOrderResponse,Orders,medusa_admin:PostOrdersId;medusa_admin:PostOrdersIdCancel;medusa_admin:PostOrdersIdArchive
medusa_low_095,train,orders,single_step,custom,medusa_admin:PostOrdersIdCreditLines,POST,/admin/orders/{id}/credit-lines,PostOrdersIdCreditLines,id,AdminCreateOrderCreditLine,AdminOrderResponse,Orders,medusa_admin:PostOrdersId;medusa_admin:PostOrdersIdComplete;medusa_admin:PostOrdersIdCancel
medusa_low_096,train,orders,single_step,custom,medusa_admin:PostOrdersIdFulfillments,POST,/admin/orders/{id}/fulfillments,PostOrdersIdFulfillments,id,,AdminOrderResponse,Orders,medusa_admin:PostOrdersIdFulfillmentsFulfillment_idCancel;medusa_admin:PostOrdersIdFulfillmentsFulfillment_idShipments;medusa_admin:PostOrdersIdFulfillmentsFulfillment_idMarkAsDelivered
medusa_low_097,dev,orders,single_step,custom,medusa_admin:PostOrdersIdFulfillmentsFulfillment_idCancel,POST,/admin/orders/{id}/fulfillments/{fulfillment_id}/cancel,PostOrdersIdFulfillmentsFulfillment_idCancel,id;fulfillment_id,,AdminOrderResponse,Orders,medusa_admin:PostOrdersIdFulfillments;medusa_admin:PostOrdersIdCancel;medusa_admin:PostOrdersIdFulfillmentsFulfillment_idShipments
medusa_low_098,test,orders,single_step,custom,medusa_admin:PostOrdersIdFulfillmentsFulfillment_idMarkAsDelivered,POST,/admin/orders/{id}/fulfillments/{fulfillment_id}/mark-as-delivered,PostOrdersIdFulfillmentsFulfillment_idMarkAsDelivered,id;fulfillment_id,AdminMarkOrderFulfillmentAsDelivered,AdminOrderResponse,Orders,medusa_admin:PostOrdersIdFulfillments;medusa_admin:PostOrdersIdFulfillmentsFulfillment_idCancel;medusa_admin:PostOrdersIdFulfillmentsFulfillment_idShipments
medusa_low_099,dev,orders,single_step,custom,medusa_admin:PostOrdersIdFulfillmentsFulfillment_idShipments,POST,/admin/orders/{id}/fulfillments/{fulfillment_id}/shipments,PostOrdersIdFulfillmentsFulfillment_idShipments,id;fulfillment_id,,AdminOrderResponse,Orders,medusa_admin:PostOrdersIdFulfillments;medusa_admin:PostOrdersIdFulfillmentsFulfillment_idCancel;medusa_admin:PostOrdersIdFulfillmentsFulfillment_idMarkAsDelivered
medusa_low_100,train,orders,single_step,custom,medusa_admin:PostOrdersIdTransfer,POST,/admin/orders/{id}/transfer,PostOrdersIdTransfer,id,AdminRequestOrderTransfer,AdminOrderResponse,Orders,medusa_admin:PostOrdersIdTransferCancel;medusa_admin:PostOrdersId;medusa_admin:PostOrdersIdCancel
medusa_low_101,test,api_keys,ambiguous,custom,,,,,,,,,medusa_admin:PostApiKeysId;medusa_admin:PostApiKeysIdRevoke
medusa_low_102,train,api_keys,ambiguous,custom,,,,,,,,,medusa_admin:PostApiKeysIdRevoke;medusa_admin:PostApiKeysId
medusa_low_103,dev,api_keys,ambiguous,custom,,,,,,,,,medusa_admin:PostApiKeysIdSalesChannels;medusa_admin:PostApiKeysId
medusa_low_104,test,auth,ambiguous,create,,,,,,,,,medusa_admin:PostAdminAuthTokenRefresh;medusa_store:PostAdminAuthTokenRefresh
medusa_low_105,train,auth,ambiguous,create,,,,,,,,,medusa_admin:PostSession;medusa_store:PostSession
medusa_low_106,train,auth,ambiguous,create,,,,,,,,,medusa_store:PostAdminAuthTokenRefresh;medusa_admin:PostAdminAuthTokenRefresh
medusa_low_107,train,auth,ambiguous,create,,,,,,,,,medusa_store:PostSession;medusa_admin:PostSession
medusa_low_108,train,auth,ambiguous,custom,,,,,,,,,medusa_admin:PostActor_typeAuth_provider;medusa_admin:PostActor_typeAuth_providerUpdate
medusa_low_109,train,auth,ambiguous,custom,,,,,,,,,medusa_admin:PostActor_typeAuth_providerCallback;medusa_admin:PostActor_typeAuth_provider
medusa_low_110,dev,auth,ambiguous,custom,,,,,,,,,medusa_admin:PostActor_typeAuth_providerResetPassword;medusa_admin:PostActor_typeAuth_provider_register
medusa_low_111,dev,auth,ambiguous,custom,,,,,,,,,medusa_admin:PostActor_typeAuth_providerUpdate;medusa_admin:PostActor_typeAuth_provider
medusa_low_112,train,auth,ambiguous,custom,,,,,,,,,medusa_admin:PostActor_typeAuth_provider_register;medusa_admin:PostActor_typeAuth_provider
medusa_low_113,test,auth,ambiguous,delete,,,,,,,,,medusa_admin:DeleteSession;medusa_store:DeleteSession
medusa_low_114,train,auth,ambiguous,delete,,,,,,,,,medusa_store:DeleteSession;medusa_admin:DeleteSession
medusa_low_115,train,carts,ambiguous,custom,,,,,,,,,medusa_store:PostCartsId;medusa_store:PostCartsIdTaxes
medusa_low_116,train,carts,ambiguous,custom,,,,,,,,,medusa_store:PostCartsIdGiftCards;medusa_store:PostCartsId
medusa_low_117,dev,carts,ambiguous,custom,,,,,,,,,medusa_store:PostCartsIdLineItems;medusa_store:PostCartsIdLineItemsLine_id
medusa_low_118,test,carts,ambiguous,custom,,,,,,,,,medusa_store:PostCartsIdLineItemsLine_id;medusa_store:PostCartsIdLineItems
medusa_low_119,train,carts,ambiguous,custom,,,,,,,,,medusa_store:PostCartsIdPromotions;medusa_store:PostCartsId
medusa_low_120,dev,carts,ambiguous,custom,,,,,,,,,medusa_store:PostCartsIdShippingMethods;medusa_store:PostCartsId
medusa_low_121,test,carts,ambiguous,custom,,,,,,,,,medusa_store:PostCartsIdStoreCredits;medusa_store:PostCartsId
medusa_low_122,train,carts,ambiguous,custom,,,,,,,,,medusa_store:PostCartsIdTaxes;medusa_store:PostCartsId
medusa_low_123,train,carts,ambiguous,delete,,,,,,,,,medusa_store:DeleteCartsIdGiftCards;medusa_store:DeleteCartsIdLineItemsLine_id
medusa_low_124,train,carts,ambiguous,delete,,,,,,,,,medusa_store:DeleteCartsIdLineItemsLine_id;medusa_store:DeleteCartsIdPromotions
medusa_low_125,train,carts,ambiguous,delete,,,,,,,,,medusa_store:DeleteCartsIdPromotions;medusa_store:DeleteCartsIdLineItemsLine_id
medusa_low_126,train,claims,ambiguous,custom,,,,,,,,,medusa_admin:PostClaimsIdCancel;medusa_admin:PostClaimsIdClaimItemsAction_id
medusa_low_127,dev,claims,ambiguous,custom,,,,,,,,,medusa_admin:PostClaimsIdClaimItems;medusa_admin:PostClaimsIdClaimItemsAction_id
medusa_low_128,dev,claims,ambiguous,custom,,,,,,,,,medusa_admin:PostClaimsIdClaimItemsAction_id;medusa_admin:PostClaimsIdClaimItems
medusa_low_129,train,claims,ambiguous,custom,,,,,,,,,medusa_admin:PostClaimsIdInboundItems;medusa_admin:PostClaimsIdInboundItemsAction_id
medusa_low_130,train,claims,ambiguous,custom,,,,,,,,,medusa_admin:PostClaimsIdInboundItemsAction_id;medusa_admin:PostClaimsIdInboundItems
medusa_low_131,train,claims,ambiguous,custom,,,,,,,,,medusa_admin:PostClaimsIdInboundShippingMethod;medusa_admin:PostClaimsIdInboundShippingMethodAction_id
medusa_low_132,test,claims,ambiguous,custom,,,,,,,,,medusa_admin:PostClaimsIdInboundShippingMethodAction_id;medusa_admin:PostClaimsIdInboundShippingMethod
medusa_low_133,train,claims,ambiguous,custom,,,,,,,,,medusa_admin:PostClaimsIdOutboundItems;medusa_admin:PostClaimsIdOutboundItemsAction_id
medusa_low_134,train,claims,ambiguous,custom,,,,,,,,,medusa_admin:PostClaimsIdOutboundItemsAction_id;medusa_admin:PostClaimsIdOutboundItems
medusa_low_135,train,claims,ambiguous,custom,,,,,,,,,medusa_admin:PostClaimsIdOutboundShippingMethod;medusa_admin:PostClaimsIdOutboundShippingMethodAction_id
medusa_low_136,dev,claims,ambiguous,custom,,,,,,,,,medusa_admin:PostClaimsIdOutboundShippingMethodAction_id;medusa_admin:PostClaimsIdOutboundShippingMethod
medusa_low_137,train,claims,ambiguous,custom,,,,,,,,,medusa_admin:PostClaimsIdRequest;medusa_admin:PostClaimsIdCancel
medusa_low_138,test,claims,ambiguous,delete,,,,,,,,,medusa_admin:DeleteClaimsIdClaimItemsAction_id;medusa_admin:DeleteClaimsIdInboundItemsAction_id
medusa_low_139,dev,claims,ambiguous,delete,,,,,,,,,medusa_admin:DeleteClaimsIdInboundItemsAction_id;medusa_admin:DeleteClaimsIdOutboundItemsAction_id
medusa_low_140,train,claims,ambiguous,delete,,,,,,,,,medusa_admin:DeleteClaimsIdInboundShippingMethodAction_id;medusa_admin:DeleteClaimsIdOutboundShippingMethodAction_id
medusa_low_141,test,claims,ambiguous,delete,,,,,,,,,medusa_admin:DeleteClaimsIdOutboundItemsAction_id;medusa_admin:DeleteClaimsIdInboundItemsAction_id
medusa_low_142,train,claims,ambiguous,delete,,,,,,,,,medusa_admin:DeleteClaimsIdOutboundShippingMethodAction_id;medusa_admin:DeleteClaimsIdInboundShippingMethodAction_id
medusa_low_143,train,claims,ambiguous,delete,,,,,,,,,medusa_admin:DeleteClaimsIdRequest;medusa_admin:DeleteClaimsIdClaimItemsAction_id
medusa_low_144,test,collections,ambiguous,get,,,,,,,,,medusa_admin:GetCollectionsId;medusa_store:GetCollectionsId
medusa_low_145,train,collections,ambiguous,get,,,,,,,,,medusa_store:GetCollectionsId;medusa_admin:GetCollectionsId
medusa_low_146,train,collections,ambiguous,list,,,,,,,,,medusa_admin:GetCollections;medusa_store:GetCollections
medusa_low_147,dev,collections,ambiguous,list,,,,,,,,,medusa_store:GetCollections;medusa_admin:GetCollections
medusa_low_148,test,currencies,ambiguous,get,,,,,,,,,medusa_admin:GetCurrenciesCode;medusa_store:GetCurrenciesCode
medusa_low_149,dev,currencies,ambiguous,get,,,,,,,,,medusa_store:GetCurrenciesCode;medusa_admin:GetCurrenciesCode
medusa_low_150,train,currencies,ambiguous,list,,,,,,,,,medusa_admin:GetCurrencies;medusa_store:GetCurrencies
medusa_low_151,train,fulfillment,policy_required,policy_required,,,,,,,,,
medusa_low_152,train,returns,policy_required,policy_required,,,,,,,,,
medusa_low_153,dev,promotions,policy_required,policy_required,,,,,,,,,
medusa_low_154,dev,products,policy_required,policy_required,,,,,,,,,
medusa_low_155,test,orders,policy_required,policy_required,,,,,,,,,
medusa_low_156,test,customers,policy_required,policy_required,,,,,,,,,
medusa_low_157,train,carts,policy_required,policy_required,,,,,,,,,
medusa_low_158,train,inventory,policy_required,policy_required,,,,,,,,,
medusa_low_159,train,payments,policy_required,policy_required,,,,,,,,,
medusa_low_160,train,fulfillment,policy_required,policy_required,,,,,,,,,
medusa_low_161,dev,returns,policy_required,policy_required,,,,,,,,,
medusa_low_162,train,promotions,policy_required,policy_required,,,,,,,,,
medusa_low_163,train,products,policy_required,policy_required,,,,,,,,,
medusa_low_164,train,orders,policy_required,policy_required,,,,,,,,,
medusa_low_165,train,customers,policy_required,policy_required,,,,,,,,,
medusa_low_166,test,carts,policy_required,policy_required,,,,,,,,,
medusa_low_167,train,inventory,policy_required,policy_required,,,,,,,,,
medusa_low_168,train,payments,policy_required,policy_required,,,,,,,,,
medusa_low_169,train,fulfillment,policy_required,policy_required,,,,,,,,,
medusa_low_170,train,returns,policy_required,policy_required,,,,,,,,,
medusa_low_171,test,promotions,policy_required,policy_required,,,,,,,,,
medusa_low_172,train,products,policy_required,policy_required,,,,,,,,,
medusa_low_173,train,orders,policy_required,policy_required,,,,,,,,,
medusa_low_174,train,customers,policy_required,policy_required,,,,,,,,,
medusa_low_175,train,carts,policy_required,policy_required,,,,,,,,,
medusa_low_176,train,inventory,policy_required,policy_required,,,,,,,,,
medusa_low_177,test,payments,policy_required,policy_required,,,,,,,,,
medusa_low_178,train,fulfillment,policy_required,policy_required,,,,,,,,,
medusa_low_179,train,returns,policy_required,policy_required,,,,,,,,,
medusa_low_180,train,promotions,policy_required,policy_required,,,,,,,,,
medusa_low_181,test,products,policy_required,policy_required,,,,,,,,,
medusa_low_182,train,orders,policy_required,policy_required,,,,,,,,,
medusa_low_183,dev,customers,policy_required,policy_required,,,,,,,,,
medusa_low_184,train,carts,policy_required,policy_required,,,,,,,,,
medusa_low_185,dev,inventory,policy_required,policy_required,,,,,,,,,
medusa_low_186,train,payments,policy_required,policy_required,,,,,,,,,
medusa_low_187,dev,fulfillment,policy_required,policy_required,,,,,,,,,
medusa_low_188,test,returns,policy_required,policy_required,,,,,,,,,
medusa_low_189,train,promotions,policy_required,policy_required,,,,,,,,,
medusa_low_190,train,products,policy_required,policy_required,,,,,,,,,
medusa_low_191,dev,orders,policy_required,policy_required,,,,,,,,,
medusa_low_192,train,customers,policy_required,policy_required,,,,,,,,,
medusa_low_193,dev,carts,policy_required,policy_required,,,,,,,,,
medusa_low_194,test,inventory,policy_required,policy_required,,,,,,,,,
medusa_low_195,dev,payments,policy_required,policy_required,,,,,,,,,
medusa_low_196,test,fulfillment,policy_required,policy_required,,,,,,,,,
medusa_low_197,train,returns,policy_required,policy_required,,,,,,,,,
medusa_low_198,train,promotions,policy_required,policy_required,,,,,,,,,
medusa_low_199,train,products,policy_required,policy_required,,,,,,,,,
medusa_low_200,train,orders,policy_required,policy_required,,,,,,,,,
